Sample,Gene,Count
A1_Scer4_PHO2,Lelo4,25
A1_Scer4_PHO2,Scer2,582
A1_Scer4_PHO2,Scer4,291
A1_Scer4_PHO2,ScerACT1,10021
A1_Scer4_PHO2,ScerALG9,1102
A1_Scer4_PHO2,ScerHEM2,643
A1_Scer4_PHO2,ScerRPN2,2922
A1_Scer4_PHO2,Smik2,8
A1_Scer4_PHO2,Suva2,5
A1_Scer4_PHO2,Lelo4,25
A1_Scer4_PHO2,Scer2,582
A1_Scer4_PHO2,Scer4,291
A1_Scer4_PHO2,ScerACT1,10021
A1_Scer4_PHO2,ScerALG9,1102
A1_Scer4_PHO2,ScerHEM2,643
A1_Scer4_PHO2,ScerRPN2,2922
A1_Scer4_PHO2,Smik2,8
A1_Scer4_PHO2,Suva2,5
A2_Scer4_PHO2,Lelo4,37
A2_Scer4_PHO2,Scer2,554
A2_Scer4_PHO2,Scer4,343
A2_Scer4_PHO2,ScerACT1,9075
A2_Scer4_PHO2,ScerALG9,1001
A2_Scer4_PHO2,ScerHEM2,635
A2_Scer4_PHO2,ScerRPN2,3183
A2_Scer4_PHO2,Smik2,21
A2_Scer4_PHO2,Suva2,10
B1_Scer4_pho2,Lelo4,39
B1_Scer4_pho2,Scer4,388
B1_Scer4_pho2,ScerACT1,10811
B1_Scer4_pho2,ScerALG9,1320
B1_Scer4_pho2,ScerHEM2,770
B1_Scer4_pho2,ScerRPN2,3869
B1_Scer4_pho2,Smik2,12
B1_Scer4_pho2,Suva2,6
D2_pho4_pho2_swap,Lelo4,43
D2_pho4_pho2_swap,ScerACT1,10736
D2_pho4_pho2_swap,ScerALG9,1315
D2_pho4_pho2_swap,ScerHEM2,940
D2_pho4_pho2_swap,ScerRPN2,4250
D2_pho4_pho2_swap,Smik2,17
D2_pho4_pho2_swap,Suva2,15
C1_pho4_PHO2,Lelo4,28
C1_pho4_PHO2,Scer2,575
C1_pho4_PHO2,ScerACT1,10416
C1_pho4_PHO2,ScerALG9,1173
C1_pho4_PHO2,ScerHEM2,909
C1_pho4_PHO2,ScerRPN2,3541
C1_pho4_PHO2,Smik2,9
C1_pho4_PHO2,Suva2,10
C2_pho4_PHO2,Lelo4,47
C2_pho4_PHO2,Scer2,714
C2_pho4_PHO2,ScerACT1,13567
C2_pho4_PHO2,ScerALG9,1494
C2_pho4_PHO2,ScerHEM2,1035
C2_pho4_PHO2,ScerRPN2,4715
C2_pho4_PHO2,Smik2,18
C2_pho4_PHO2,Suva2,9
D1_pho4_pho2,Lelo4,43
D1_pho4_pho2,Scer2,1
D1_pho4_pho2,ScerACT1,13024
D1_pho4_pho2,ScerALG9,1481
D1_pho4_pho2,ScerHEM2,1057
D1_pho4_pho2,ScerRPN2,4515
D1_pho4_pho2,Smik2,11
D1_pho4_pho2,Suva2,8
B2_Scer4_pho2_swap,Lelo4,32
B2_Scer4_pho2_swap,Scer4,492
B2_Scer4_pho2_swap,ScerACT1,12843
B2_Scer4_pho2_swap,ScerALG9,1418
B2_Scer4_pho2_swap,ScerHEM2,1035
B2_Scer4_pho2_swap,ScerRPN2,4425
B2_Scer4_pho2_swap,Smik2,22
B2_Scer4_pho2_swap,Suva2,9
E1_Spar4_PHO2,Lelo4,29
E1_Spar4_PHO2,Scer2,615
E1_Spar4_PHO2,ScerACT1,9999
E1_Spar4_PHO2,ScerALG9,1183
E1_Spar4_PHO2,ScerHEM2,711
E1_Spar4_PHO2,ScerRPN2,3510
E1_Spar4_PHO2,Sklu4,1
E1_Spar4_PHO2,Smik2,11
E1_Spar4_PHO2,Spar4,484
E1_Spar4_PHO2,Suva2,6
F2_Sklu4_PHO2,Lelo4,53
F2_Sklu4_PHO2,Scer2,832
F2_Sklu4_PHO2,ScerACT1,14501
F2_Sklu4_PHO2,ScerALG9,1747
F2_Sklu4_PHO2,ScerHEM2,1142
F2_Sklu4_PHO2,ScerRPN2,5093
F2_Sklu4_PHO2,Sklu4,1118
F2_Sklu4_PHO2,Smik2,18
F2_Sklu4_PHO2,Suva2,13
G1_Spar4_pho2,Lelo4,35
G1_Spar4_pho2,Scer4,1
G1_Spar4_pho2,ScerACT1,9400
G1_Spar4_pho2,ScerALG9,1124
G1_Spar4_pho2,ScerHEM2,732
G1_Spar4_pho2,ScerRPN2,3049
G1_Spar4_pho2,Smik2,7
G1_Spar4_pho2,Spar4,441
G1_Spar4_pho2,Suva2,3
G2_Spar4_pho2,Lelo4,50
G2_Spar4_pho2,Scer4,1
G2_Spar4_pho2,ScerACT1,10513
G2_Spar4_pho2,ScerALG9,1213
G2_Spar4_pho2,ScerHEM2,794
G2_Spar4_pho2,ScerRPN2,3553
G2_Spar4_pho2,Sklu4,1
G2_Spar4_pho2,Smik2,21
G2_Spar4_pho2,Smik4,1
G2_Spar4_pho2,Spar4,472
G2_Spar4_pho2,Suva2,12
H1_Sklu4_pho2,Lelo4,26
H1_Sklu4_pho2,Scer2,1
H1_Sklu4_pho2,ScerACT1,10147
H1_Sklu4_pho2,ScerALG9,1457
H1_Sklu4_pho2,ScerHEM2,1094
H1_Sklu4_pho2,ScerRPN2,3752
H1_Sklu4_pho2,Sklu4,810
H1_Sklu4_pho2,Smik2,6
H1_Sklu4_pho2,Suva2,9
H2_Sklu4_pho2,Lelo4,33
H2_Sklu4_pho2,ScerACT1,10966
H2_Sklu4_pho2,ScerALG9,1652
H2_Sklu4_pho2,ScerHEM2,1086
H2_Sklu4_pho2,ScerRPN2,4198
H2_Sklu4_pho2,Sklu4,888
H2_Sklu4_pho2,Smik2,11
H2_Sklu4_pho2,Suva2,9
I1_Spar4_PHO2,Lelo4,19
I1_Spar4_PHO2,Scer2,368
I1_Spar4_PHO2,ScerACT1,7255
I1_Spar4_PHO2,ScerALG9,881
I1_Spar4_PHO2,ScerHEM2,569
I1_Spar4_PHO2,ScerRPN2,2437
I1_Spar4_PHO2,Smik2,12
I1_Spar4_PHO2,Spar4,325
I1_Spar4_PHO2,Suva2,4
I2_Spar4_PHO2,Lelo4,45
I2_Spar4_PHO2,Scer2,737
I2_Spar4_PHO2,ScerACT1,12216
I2_Spar4_PHO2,ScerALG9,1378
I2_Spar4_PHO2,ScerHEM2,796
I2_Spar4_PHO2,ScerRPN2,4443
I2_Spar4_PHO2,Sklu4,1
I2_Spar4_PHO2,Smik2,20
I2_Spar4_PHO2,Spar4,530
I2_Spar4_PHO2,Suva2,12
J1_Sklu4_PHO2,Lelo4,43
J1_Sklu4_PHO2,Scer2,893
J1_Sklu4_PHO2,ScerACT1,13830
J1_Sklu4_PHO2,ScerALG9,1659
J1_Sklu4_PHO2,ScerHEM2,979
J1_Sklu4_PHO2,ScerRPN2,4980
J1_Sklu4_PHO2,Sklu4,1048
J1_Sklu4_PHO2,Smik2,24
J1_Sklu4_PHO2,Suva2,7
J2_Sklu4_PHO2,Lelo4,45
J2_Sklu4_PHO2,Scer2,621
J2_Sklu4_PHO2,ScerACT1,10133
J2_Sklu4_PHO2,ScerALG9,1224
J2_Sklu4_PHO2,ScerHEM2,648
J2_Sklu4_PHO2,ScerRPN2,3692
J2_Sklu4_PHO2,Sklu4,772
J2_Sklu4_PHO2,Smik2,17
J2_Sklu4_PHO2,Suva2,9
lane2_undertermined,Cgla2,16
lane2_undertermined,Cgla4,130
lane2_undertermined,Klac4,79
lane2_undertermined,Lelo4,51
lane2_undertermined,Scas4,76
lane2_undertermined,Scer2,366
lane2_undertermined,Scer4,1
lane2_undertermined,ScerACT1,17676
lane2_undertermined,ScerALG9,1478
lane2_undertermined,ScerHEM2,1103
lane2_undertermined,ScerRPN2,5670
lane2_undertermined,Sklu4,172
lane2_undertermined,Smik2,40
lane2_undertermined,Spar4,70
lane2_undertermined,Suva2,15
lane5_Undetermined,Lelo4,13
lane5_Undetermined,Scer2,89
lane5_Undetermined,Scer4,18
lane5_Undetermined,ScerACT1,2602
lane5_Undetermined,ScerALG9,394
lane5_Undetermined,ScerHEM2,198
lane5_Undetermined,ScerRPN2,906
lane5_Undetermined,Sklu4,74
lane5_Undetermined,Smik2,5
lane5_Undetermined,Spar4,23
LH1_mock,Cgla2,72
LH1_mock,Cgla4,294
LH1_mock,Klac4,2
LH1_mock,Lelo4,37
LH1_mock,Scas4,3
LH1_mock,Scer2,284
LH1_mock,Scer4,2
LH1_mock,ScerACT1,1058
LH1_mock,ScerALG9,262
LH1_mock,ScerHEM2,175
LH1_mock,ScerRPN2,763
LH1_mock,Sklu4,7
LH1_mock,Smik2,135
LH1_mock,Spar4,6
LH1_mock,Suva2,51
LH2_CgPho4_pho2,Cgla2,57
LH2_CgPho4_pho2,Cgla4,63
LH2_CgPho4_pho2,Klac4,2
LH2_CgPho4_pho2,Lelo4,2
LH2_CgPho4_pho2,Scas4,1
LH2_CgPho4_pho2,Scer2,9
LH2_CgPho4_pho2,Scer4,1
LH2_CgPho4_pho2,ScerACT1,332
LH2_CgPho4_pho2,ScerALG9,58
LH2_CgPho4_pho2,ScerHEM2,31
LH2_CgPho4_pho2,ScerRPN2,209
LH2_CgPho4_pho2,Sklu4,6
LH2_CgPho4_pho2,Smik2,15
LH2_CgPho4_pho2,Spar4,1
LH2_CgPho4_pho2,Suva2,3
LH3_CgPho4,Cgla2,48
LH3_CgPho4,Cgla4,86
LH3_CgPho4,Klac4,1
LH3_CgPho4,Lelo4,5
LH3_CgPho4,Scas4,2
LH3_CgPho4,Scer2,92
LH3_CgPho4,Scer4,4
LH3_CgPho4,ScerACT1,389
LH3_CgPho4,ScerALG9,91
LH3_CgPho4,ScerHEM2,51
LH3_CgPho4,ScerRPN2,281
LH3_CgPho4,Sklu4,1
LH3_CgPho4,Smik2,7
LH3_CgPho4,Spar4,1
LH3_CgPho4,Suva2,5
LH4_input,Cgla2,1
LH4_input,Cgla4,534
LH4_input,Klac4,1
LH4_input,Lelo4,103
LH4_input,Scas4,1
LH4_input,Scer2,849
LH4_input,ScerACT1,908
LH4_input,ScerALG9,488
LH4_input,ScerHEM2,363
LH4_input,ScerRPN2,1152
LH4_input,Sklu4,4
LH4_input,Smik2,30
LH4_input,Spar4,1
LH4_input,Suva2,9
LR1A_Spar_PHO2,Cgla4,1
LR1A_Spar_PHO2,Lelo4,18
LR1A_Spar_PHO2,Scas4,1
LR1A_Spar_PHO2,Scer2,602
LR1A_Spar_PHO2,ScerACT1,15452
LR1A_Spar_PHO2,ScerALG9,1276
LR1A_Spar_PHO2,ScerHEM2,932
LR1A_Spar_PHO2,ScerRPN2,6178
LR1A_Spar_PHO2,Smik2,1
LR1A_Spar_PHO2,Spar4,317
LR1A_Spar_PHO2,Suva2,2
LR1B_Scas_PHO2,Lelo4,12
LR1B_Scas_PHO2,Scas4,68
LR1B_Scas_PHO2,Scer2,205
LR1B_Scas_PHO2,ScerACT1,3554
LR1B_Scas_PHO2,ScerALG9,492
LR1B_Scas_PHO2,ScerHEM2,287
LR1B_Scas_PHO2,ScerRPN2,2475
LR1C_Klac_PHO2,Klac4,440
LR1C_Klac_PHO2,Lelo4,21
LR1C_Klac_PHO2,Scer2,575
LR1C_Klac_PHO2,ScerACT1,19371
LR1C_Klac_PHO2,ScerALG9,1253
LR1C_Klac_PHO2,ScerHEM2,1012
LR1C_Klac_PHO2,ScerRPN2,5264
LR1C_Klac_PHO2,Smik2,2
LR1C_Klac_PHO2,Suva2,1
LR1D_Sklu_PHO2,Lelo4,12
LR1D_Sklu_PHO2,Scer2,443
LR1D_Sklu_PHO2,ScerACT1,18161
LR1D_Sklu_PHO2,ScerALG9,1122
LR1D_Sklu_PHO2,ScerHEM2,835
LR1D_Sklu_PHO2,ScerRPN2,4606
LR1D_Sklu_PHO2,Sklu4,547
LR1D_Sklu_PHO2,Smik2,1
LR1D_Sklu_PHO2,Suva2,2
LR1E_Spar_pho2,Lelo4,8
LR1E_Spar_pho2,ScerACT1,9682
LR1E_Spar_pho2,ScerALG9,718
LR1E_Spar_pho2,ScerHEM2,498
LR1E_Spar_pho2,ScerRPN2,2467
LR1E_Spar_pho2,Spar4,159
LR1E_Spar_pho2,Suva2,1
LR1F_Scas_pho2,Lelo4,8
LR1F_Scas_pho2,Scas4,216
LR1F_Scas_pho2,Scer2,1
LR1F_Scas_pho2,ScerACT1,13125
LR1F_Scas_pho2,ScerALG9,1102
LR1F_Scas_pho2,ScerHEM2,666
LR1F_Scas_pho2,ScerRPN2,4128
LR1F_Scas_pho2,Smik2,1
LR1F_Scas_pho2,Suva2,2
LR1G_Klac_pho2,Klac4,144
LR1G_Klac_pho2,Lelo4,14
LR1G_Klac_pho2,ScerACT1,8862
LR1G_Klac_pho2,ScerALG9,888
LR1G_Klac_pho2,ScerHEM2,699
LR1G_Klac_pho2,ScerRPN2,4486
LR1G_Klac_pho2,Suva2,1
LR1H_Sklu_pho2,Cgla4,1
LR1H_Sklu_pho2,Lelo4,14
LR1H_Sklu_pho2,ScerACT1,25361
LR1H_Sklu_pho2,ScerALG9,1584
LR1H_Sklu_pho2,ScerHEM2,1694
LR1H_Sklu_pho2,ScerRPN2,5114
LR1H_Sklu_pho2,Sklu4,703
LR1H_Sklu_pho2,Smik2,4
LR1H_Sklu_pho2,Suva2,5
LR2B_Scas_PHO2,Lelo4,8
LR2B_Scas_PHO2,Scas4,58
LR2B_Scas_PHO2,Scer2,228
LR2B_Scas_PHO2,ScerACT1,3853
LR2B_Scas_PHO2,ScerALG9,593
LR2B_Scas_PHO2,ScerHEM2,349
LR2B_Scas_PHO2,ScerRPN2,2688
LR2B_Scas_PHO2,Suva2,1
LR2D_Sklu_PHO2,Lelo4,11
LR2D_Sklu_PHO2,Scer2,321
LR2D_Sklu_PHO2,ScerACT1,13630
LR2D_Sklu_PHO2,ScerALG9,920
LR2D_Sklu_PHO2,ScerHEM2,667
LR2D_Sklu_PHO2,ScerRPN2,3585
LR2D_Sklu_PHO2,Sklu4,411
LR2D_Sklu_PHO2,Suva2,2
LR2E_Spar_pho2,Klac4,1
LR2E_Spar_pho2,Lelo4,9
LR2E_Spar_pho2,ScerACT1,10182
LR2E_Spar_pho2,ScerALG9,861
LR2E_Spar_pho2,ScerHEM2,584
LR2E_Spar_pho2,ScerRPN2,2743
LR2E_Spar_pho2,Spar4,149
LR2E_Spar_pho2,Suva2,1
LR2F_Scas_pho2,Lelo4,7
LR2F_Scas_pho2,Scas4,164
LR2F_Scas_pho2,ScerACT1,8364
LR2F_Scas_pho2,ScerALG9,676
LR2F_Scas_pho2,ScerHEM2,455
LR2F_Scas_pho2,ScerRPN2,2628
LR2F_Scas_pho2,Smik2,1
LR2F_Scas_pho2,Spar4,1
LR2F_Scas_pho2,Suva2,1
13A1_Scer4_PHO2,Cgla2,1
13A1_Scer4_PHO2,Cgla4,1
13A1_Scer4_PHO2,Lelo4,25
13A1_Scer4_PHO2,Scer2,830
13A1_Scer4_PHO2,Scer4,641
13A1_Scer4_PHO2,ScerACT1,21258
13A1_Scer4_PHO2,ScerALG9,1693
13A1_Scer4_PHO2,ScerHEM2,1211
13A1_Scer4_PHO2,ScerRPN2,4772
13A1_Scer4_PHO2,Smik2,1
13A1_Scer4_PHO2,Suva2,9
13A2_Scer4_PHO2,Cbra4,1
13A2_Scer4_PHO2,Lelo4,29
13A2_Scer4_PHO2,Scer2,1058
13A2_Scer4_PHO2,Scer4,797
13A2_Scer4_PHO2,ScerACT1,26517
13A2_Scer4_PHO2,ScerALG9,2206
13A2_Scer4_PHO2,ScerHEM2,1473
13A2_Scer4_PHO2,ScerRPN2,6064
13A2_Scer4_PHO2,Suva2,16
13B1_pho4_PHO2,Cgla2,1
13B1_pho4_PHO2,Lelo4,34
13B1_pho4_PHO2,Nbac4,1
13B1_pho4_PHO2,Scer2,635
13B1_pho4_PHO2,ScerACT1,10576
13B1_pho4_PHO2,ScerALG9,1055
13B1_pho4_PHO2,ScerHEM2,602
13B1_pho4_PHO2,ScerRPN2,3110
13B1_pho4_PHO2,Smik2,3
13B1_pho4_PHO2,Suva2,13
13B2_pho4_PHO2,Cgla2,1
13B2_pho4_PHO2,Cgla4,1
13B2_pho4_PHO2,Lelo4,25
13B2_pho4_PHO2,Nbac4,1
13B2_pho4_PHO2,Scer2,1136
13B2_pho4_PHO2,Scer4,5
13B2_pho4_PHO2,ScerACT1,25157
13B2_pho4_PHO2,ScerALG9,2228
13B2_pho4_PHO2,ScerHEM2,1556
13B2_pho4_PHO2,ScerRPN2,6241
13B2_pho4_PHO2,Smik2,4
13B2_pho4_PHO2,Suva2,17
13C1_pho4_pho2,Lelo4,37
13C1_pho4_pho2,ScerACT1,23913
13C1_pho4_pho2,ScerALG9,2131
13C1_pho4_pho2,ScerHEM2,1473
13C1_pho4_pho2,ScerRPN2,6733
13C1_pho4_pho2,Smik2,1
13C1_pho4_pho2,Suva2,20
13C2_pho4_pho2,Cgla4,1
13C2_pho4_pho2,Lelo4,27
13C2_pho4_pho2,Scer2,1
13C2_pho4_pho2,Scer4,1
13C2_pho4_pho2,ScerACT1,21712
13C2_pho4_pho2,ScerALG9,1739
13C2_pho4_pho2,ScerHEM2,1315
13C2_pho4_pho2,ScerRPN2,5796
13C2_pho4_pho2,Smik2,1
13C2_pho4_pho2,Suva2,14
13D1_Cgla4_PHO2,Cgla4,993
13D1_Cgla4_PHO2,Lelo4,29
13D1_Cgla4_PHO2,Scer2,1115
13D1_Cgla4_PHO2,ScerACT1,17727
13D1_Cgla4_PHO2,ScerALG9,1503
13D1_Cgla4_PHO2,ScerHEM2,909
13D1_Cgla4_PHO2,ScerRPN2,5459
13D1_Cgla4_PHO2,Smik2,5
13D1_Cgla4_PHO2,Suva2,19
13D2_Cgla4_PHO2,Lelo4,49
13D2_Cgla4_PHO2,Scer2,1653
13D2_Cgla4_PHO2,ScerACT1,24742
13D2_Cgla4_PHO2,ScerALG9,2378
13D2_Cgla4_PHO2,ScerHEM2,1302
13D2_Cgla4_PHO2,ScerRPN2,7482
13D2_Cgla4_PHO2,Smik2,1
13D2_Cgla4_PHO2,Suva2,16
13E1_Cgla4_pho2,Cgla4,1136
13E1_Cgla4_pho2,Lelo4,45
13E1_Cgla4_pho2,Scer2,4
13E1_Cgla4_pho2,ScerACT1,23637
13E1_Cgla4_pho2,ScerALG9,2081
13E1_Cgla4_pho2,ScerHEM2,1236
13E1_Cgla4_pho2,ScerRPN2,7551
13E1_Cgla4_pho2,Smik2,2
13E1_Cgla4_pho2,Suva2,15
13E2_Cgla4_pho2,Cbra4,1
13E2_Cgla4_pho2,Cgla4,1423
13E2_Cgla4_pho2,Lelo4,46
13E2_Cgla4_pho2,Scer4,1
13E2_Cgla4_pho2,ScerACT1,31700
13E2_Cgla4_pho2,ScerALG9,2505
13E2_Cgla4_pho2,ScerHEM2,1733
13E2_Cgla4_pho2,ScerRPN2,9529
13E2_Cgla4_pho2,Smik2,1
13E2_Cgla4_pho2,Suva2,17
13F1_Cniv4_PHO2,Cgla4,2
13F1_Cniv4_PHO2,Cniv4,1306
13F1_Cniv4_PHO2,Lelo4,30
13F1_Cniv4_PHO2,Scer2,975
13F1_Cniv4_PHO2,ScerACT1,25000
13F1_Cniv4_PHO2,ScerALG9,1675
13F1_Cniv4_PHO2,ScerHEM2,1222
13F1_Cniv4_PHO2,ScerRPN2,5575
13F1_Cniv4_PHO2,Smik2,2
13F1_Cniv4_PHO2,Suva2,11
13F2_Cniv4_PHO2,Cniv4,1928
13F2_Cniv4_PHO2,Lelo4,146
13F2_Cniv4_PHO2,Scer2,1445
13F2_Cniv4_PHO2,ScerACT1,24152
13F2_Cniv4_PHO2,ScerALG9,2426
13F2_Cniv4_PHO2,ScerHEM2,1387
13F2_Cniv4_PHO2,ScerRPN2,7836
13F2_Cniv4_PHO2,Smik2,47
13F2_Cniv4_PHO2,Suva2,38
13G1_Cniv4_pho2,Cgla2,2
13G1_Cniv4_pho2,Cgla4,1
13G1_Cniv4_pho2,Cniv4,1456
13G1_Cniv4_pho2,Lelo4,43
13G1_Cniv4_pho2,Scer2,1
13G1_Cniv4_pho2,Scer4,1
13G1_Cniv4_pho2,ScerACT1,25766
13G1_Cniv4_pho2,ScerALG9,1639
13G1_Cniv4_pho2,ScerHEM2,1322
13G1_Cniv4_pho2,ScerRPN2,6104
13G1_Cniv4_pho2,Smik2,2
13G1_Cniv4_pho2,Suva2,15
13G2_Cniv4_pho2,Cniv4,1356
13G2_Cniv4_pho2,Lelo4,100
13G2_Cniv4_pho2,ScerACT1,16519
13G2_Cniv4_pho2,ScerALG9,1639
13G2_Cniv4_pho2,ScerHEM2,978
13G2_Cniv4_pho2,ScerRPN2,5396
13G2_Cniv4_pho2,Smik2,25
13G2_Cniv4_pho2,Suva2,29
13H1_Cbra4_PHO2,Cbra4,1593
13H1_Cbra4_PHO2,Cgla2,4
13H1_Cbra4_PHO2,Cgla4,2
13H1_Cbra4_PHO2,Cniv4,1
13H1_Cbra4_PHO2,Lelo4,36
13H1_Cbra4_PHO2,Scer2,909
13H1_Cbra4_PHO2,ScerACT1,24552
13H1_Cbra4_PHO2,ScerALG9,1704
13H1_Cbra4_PHO2,ScerHEM2,1571
13H1_Cbra4_PHO2,ScerRPN2,6138
13H1_Cbra4_PHO2,Smik2,6
13H1_Cbra4_PHO2,Suva2,11
13H2_Cbra4_PHO2,Cbra4,1297
13H2_Cbra4_PHO2,Cniv4,1
13H2_Cbra4_PHO2,Lelo4,65
13H2_Cbra4_PHO2,Nbac4,1
13H2_Cbra4_PHO2,Scer2,604
13H2_Cbra4_PHO2,ScerACT1,12565
13H2_Cbra4_PHO2,ScerALG9,1233
13H2_Cbra4_PHO2,ScerHEM2,822
13H2_Cbra4_PHO2,ScerRPN2,4586
13H2_Cbra4_PHO2,Smik2,21
13H2_Cbra4_PHO2,Suva2,16
13I1_Cbra4_pho2,Cbra4,1625
13I1_Cbra4_pho2,Cgla2,1
13I1_Cbra4_pho2,Cgla4,1
13I1_Cbra4_pho2,Lelo4,28
13I1_Cbra4_pho2,ScerACT1,23137
13I1_Cbra4_pho2,ScerALG9,1789
13I1_Cbra4_pho2,ScerHEM2,1358
13I1_Cbra4_pho2,ScerRPN2,5291
13I1_Cbra4_pho2,Smik2,4
13I1_Cbra4_pho2,Suva2,12
13I2_Cbra4_pho2,Cbra4,1193
13I2_Cbra4_pho2,Lelo4,53
13I2_Cbra4_pho2,Nbac4,1
13I2_Cbra4_pho2,ScerACT1,12140
13I2_Cbra4_pho2,ScerALG9,1153
13I2_Cbra4_pho2,ScerHEM2,814
13I2_Cbra4_pho2,ScerRPN2,3691
13I2_Cbra4_pho2,Smik2,18
13I2_Cbra4_pho2,Suva2,20
13J1_Kbac4_PHO2,Cgla4,1
13J1_Kbac4_PHO2,Lelo4,22
13J1_Kbac4_PHO2,Nbac4,1089
13J1_Kbac4_PHO2,Ndel4,1
13J1_Kbac4_PHO2,Scer2,1130
13J1_Kbac4_PHO2,ScerACT1,27928
13J1_Kbac4_PHO2,ScerALG9,2174
13J1_Kbac4_PHO2,ScerHEM2,1482
13J1_Kbac4_PHO2,ScerRPN2,6545
13J1_Kbac4_PHO2,Smik2,2
13J1_Kbac4_PHO2,Suva2,9
13J2_Kbac4_PHO2,Lelo4,75
13J2_Kbac4_PHO2,Nbac4,930
13J2_Kbac4_PHO2,Scer2,788
13J2_Kbac4_PHO2,ScerACT1,15819
13J2_Kbac4_PHO2,ScerALG9,1652
13J2_Kbac4_PHO2,ScerHEM2,996
13J2_Kbac4_PHO2,ScerRPN2,4791
13J2_Kbac4_PHO2,Smik2,39
13J2_Kbac4_PHO2,Suva2,11
13K1_Kbac4_pho2,Cgla2,1
13K1_Kbac4_pho2,Lelo4,41
13K1_Kbac4_pho2,Nbac4,1322
13K1_Kbac4_pho2,Scer2,2
13K1_Kbac4_pho2,Scer4,2
13K1_Kbac4_pho2,ScerACT1,29322
13K1_Kbac4_pho2,ScerALG9,1981
13K1_Kbac4_pho2,ScerHEM2,1568
13K1_Kbac4_pho2,ScerRPN2,6569
13K1_Kbac4_pho2,Smik2,4
13K1_Kbac4_pho2,Suva2,18
13K2_Kbac4_pho2,Cniv4,1
13K2_Kbac4_pho2,Lelo4,74
13K2_Kbac4_pho2,Nbac4,1132
13K2_Kbac4_pho2,ScerACT1,16014
13K2_Kbac4_pho2,ScerALG9,1691
13K2_Kbac4_pho2,ScerHEM2,1037
13K2_Kbac4_pho2,ScerRPN2,4922
13K2_Kbac4_pho2,Smik2,18
13K2_Kbac4_pho2,Suva2,29
13L1_Kdel4_PHO2,Cgla2,1
13L1_Kdel4_PHO2,Cgla4,1
13L1_Kdel4_PHO2,Lelo4,19
13L1_Kdel4_PHO2,Ndel4,1004
13L1_Kdel4_PHO2,Scer2,1002
13L1_Kdel4_PHO2,ScerACT1,21879
13L1_Kdel4_PHO2,ScerALG9,1735
13L1_Kdel4_PHO2,ScerHEM2,969
13L1_Kdel4_PHO2,ScerRPN2,5228
13L1_Kdel4_PHO2,Smik2,4
13L1_Kdel4_PHO2,Suva2,10
13L2_Kdel4_PHO2,Lelo4,52
13L2_Kdel4_PHO2,Ndel4,717
13L2_Kdel4_PHO2,Scer2,629
13L2_Kdel4_PHO2,ScerACT1,12049
13L2_Kdel4_PHO2,ScerALG9,1258
13L2_Kdel4_PHO2,ScerHEM2,604
13L2_Kdel4_PHO2,ScerRPN2,3954
13L2_Kdel4_PHO2,Smik2,32
13L2_Kdel4_PHO2,Suva2,14
13M1_Kdel4_pho2,Cbra4,1
13M1_Kdel4_pho2,Lelo4,22
13M1_Kdel4_pho2,Ndel4,918
13M1_Kdel4_pho2,Scer4,1
13M1_Kdel4_pho2,ScerACT1,18687
13M1_Kdel4_pho2,ScerALG9,1378
13M1_Kdel4_pho2,ScerHEM2,958
13M1_Kdel4_pho2,ScerRPN2,4518
13M1_Kdel4_pho2,Smik2,2
13M1_Kdel4_pho2,Suva2,11
13M2_Kdel4_pho2,Lelo4,109
13M2_Kdel4_pho2,Ndel4,1177
13M2_Kdel4_pho2,ScerACT1,20667
13M2_Kdel4_pho2,ScerALG9,2315
13M2_Kdel4_pho2,ScerHEM2,1261
13M2_Kdel4_pho2,ScerRPN2,6788
13M2_Kdel4_pho2,Smik2,31
13M2_Kdel4_pho2,Suva2,36
13V1_Cgla4_Cgla2,Cgla2,440
13V1_Cgla4_Cgla2,Cgla4,356
13V1_Cgla4_Cgla2,Lelo4,10
13V1_Cgla4_Cgla2,ScerACT1,7924
13V1_Cgla4_Cgla2,ScerALG9,650
13V1_Cgla4_Cgla2,ScerHEM2,399
13V1_Cgla4_Cgla2,ScerRPN2,1556
13V1_Cgla4_Cgla2,Smik2,3
13V1_Cgla4_Cgla2,Suva2,3
13V1_Cgla4_Cgla2,Cgla2,440
13V1_Cgla4_Cgla2,Cgla4,356
13V1_Cgla4_Cgla2,Lelo4,10
13V1_Cgla4_Cgla2,ScerACT1,7924
13V1_Cgla4_Cgla2,ScerALG9,650
13V1_Cgla4_Cgla2,ScerHEM2,399
13V1_Cgla4_Cgla2,ScerRPN2,1556
13V1_Cgla4_Cgla2,Smik2,3
13V1_Cgla4_Cgla2,Suva2,3
13V2_Cgla4_Cgla2,Cgla2,581
13V2_Cgla4_Cgla2,Cgla4,539
13V2_Cgla4_Cgla2,Lelo4,14
13V2_Cgla4_Cgla2,ScerACT1,10821
13V2_Cgla4_Cgla2,ScerALG9,777
13V2_Cgla4_Cgla2,ScerHEM2,565
13V2_Cgla4_Cgla2,ScerRPN2,1965
13V2_Cgla4_Cgla2,Smik2,6
13V2_Cgla4_Cgla2,Suva2,5
13V2_Cgla4_Cgla2,Cgla2,581
13V2_Cgla4_Cgla2,Cgla4,539
13V2_Cgla4_Cgla2,Lelo4,14
13V2_Cgla4_Cgla2,ScerACT1,10821
13V2_Cgla4_Cgla2,ScerALG9,777
13V2_Cgla4_Cgla2,ScerHEM2,565
13V2_Cgla4_Cgla2,ScerRPN2,1965
13V2_Cgla4_Cgla2,Smik2,6
13V2_Cgla4_Cgla2,Suva2,5
13X1_wt_hiPi,Lelo4,51
13X1_wt_hiPi,Scer2,414
13X1_wt_hiPi,Scer4,420
13X1_wt_hiPi,ScerACT1,9027
13X1_wt_hiPi,ScerALG9,926
13X1_wt_hiPi,ScerHEM2,632
13X1_wt_hiPi,ScerRPN2,3352
13X1_wt_hiPi,Smik2,32
13X1_wt_hiPi,Suva2,19
13X2_wt_hiPi,Lelo4,44
13X2_wt_hiPi,Scer2,439
13X2_wt_hiPi,Scer4,431
13X2_wt_hiPi,ScerACT1,7665
13X2_wt_hiPi,ScerALG9,790
13X2_wt_hiPi,ScerHEM2,526
13X2_wt_hiPi,ScerRPN2,2858
13X2_wt_hiPi,Smik2,31
13X2_wt_hiPi,Suva2,11
13X3_wt_noPi,Cgla4,3
13X3_wt_noPi,Lelo4,32
13X3_wt_noPi,Scer2,429
13X3_wt_noPi,Scer4,398
13X3_wt_noPi,ScerACT1,10039
13X3_wt_noPi,ScerALG9,822
13X3_wt_noPi,ScerHEM2,596
13X3_wt_noPi,ScerRPN2,3100
13X3_wt_noPi,Smik2,11
13X3_wt_noPi,Suva2,5
13X4_wt_noPi,Lelo4,46
13X4_wt_noPi,Scer2,593
13X4_wt_noPi,Scer4,580
13X4_wt_noPi,ScerACT1,12072
13X4_wt_noPi,ScerALG9,1020
13X4_wt_noPi,ScerHEM2,757
13X4_wt_noPi,ScerRPN2,4015
13X4_wt_noPi,Smik2,24
13X4_wt_noPi,Spar4,1
13X4_wt_noPi,Suva2,12
13Y1_Scer4_pho2,Lelo4,48
13Y1_Scer4_pho2,Scer4,315
13Y1_Scer4_pho2,ScerACT1,10056
13Y1_Scer4_pho2,ScerALG9,1792
13Y1_Scer4_pho2,ScerHEM2,690
13Y1_Scer4_pho2,ScerRPN2,3371
13Y1_Scer4_pho2,Smik2,19
13Y1_Scer4_pho2,Suva2,9
13Y2_Scer4_pho2,Lelo4,16
13Y2_Scer4_pho2,Ndel4,1
13Y2_Scer4_pho2,Scer4,221
13Y2_Scer4_pho2,ScerACT1,9662
13Y2_Scer4_pho2,ScerALG9,1348
13Y2_Scer4_pho2,ScerHEM2,628
13Y2_Scer4_pho2,ScerRPN2,2626
13Y2_Scer4_pho2,Smik2,3
13Y2_Scer4_pho2,Suva2,5
